{"cameraMode":{"drawMode":0,"name":"Shaded","section":"Shading Mode"},"sceneLighting":false,"audioPlay":false,"sceneViewState":{"m_AlwaysRefresh":false,"showFog":true,"showSkybox":false,"showFlares":true,"showImageEffects":true,"showParticleSystems":true,"showVisualEffectGraphs":true,"m_FxEnabled":true},"in2DMode":false,"pivot":{"x":0.006763935089111328,"y":1.114722490310669,"z":0.28595471382141116},"rotation":{"x":-0.06355780363082886,"y":0.9110924005508423,"z":-0.15339510142803193,"w":-0.3773796260356903},"size":2.598079204559326,"orthographic":false}